Indent Level	Display Order	Item Code	Expenditure Category	Display Text	Display Level	Selectable	Sort Sequence	L0 Expenditure Category	L1 Expenditure Category	L2 Expenditure Category	L3 Expenditure Category	L4 Expenditure Category	L5 Expenditure Category	L6 Expenditure Category	L7 Expenditure Category	L8 Expenditure Category	Relative Importance for Jan 2023	Unadjusted Percent Change for Feb 2022 to Feb 2023	Unadjusted Percent Change for Nov 2022 to Dec 2022	Unadjusted Percent Change from Dec 2022 to Jan 2023	Unadjusted Percent Change from Jan 2023 to Feb 2023	Twelve Month Unadjusted Effect on All Items from Feb 2022 to Feb 2023	Twelve Month Standard Error for Median Price Change
0	1	SA0	All items	All items	0	T	1	All items	--	--	--	--	--	--	--	--	100	6	-0.3	0.8	0.6		0.12
1	2	SAF1	Food	 * Food	1	T	4	All items	Food	--	--	--	--	--	--	--	13.521	9.5	0.3	0.7	0.4	1.268	0.19
2	3	SAF11	Food at home	 *  * Food at home	2	T	5	All items	Food	Food at home	--	--	--	--	--	--	8.727	10.2	0.3	0.8	0.3	0.839	0.26
3	4	SAF111	Cereals and bakery products	 *  *  * Cereals and bakery products	3	T	6	All items	Food	Food at home	Cereals and bakery products	--	--	--	--	--	1.169	14.6	0.2	1.2	0.4	0.153	0.54
4	5	SEFA	Cereals and cereal products	 *  *  *  * Cereals and cereal products	4	T	7	All items	Food	Food at home	Cereals and bakery products	Cereals and cereal products	--	--	--	--	0.367	14.2	0.3	1.3	-0.2	0.047	0.87
5	6	SEFA01	Flour and prepared flour mixes	 *  *  *  *  * Flour and prepared flour mixes	5	T	8	All items	Food	Food at home	Cereals and bakery products	Cereals and cereal products	Flour and prepared flour mixes	--	--	--	0.062	19.8	-0.5	3.9	0.1	0.011	2.29
5	7	SEFA02	Breakfast cereal	 *  *  *  *  * Breakfast cereal	5	T	9	All items	Food	Food at home	Cereals and bakery products	Cereals and cereal products	Breakfast cereal	--	--	--	0.146	12.5	1.1	0.4	-1.1	0.018	1.37
5	8	SEFA03	Rice, pasta, cornmeal	 *  *  *  *  * Rice, pasta, cornmeal	5	T	10	All items	Food	Food at home	Cereals and bakery products	Cereals and cereal products	Rice, pasta, cornmeal	--	--	--	0.159	13.6	-0.1	1.1	0.4	0.019	1.09
6	9	SS01031	Rice	 *  *  *  *  *  * Rice	6	T	11	All items	Food	Food at home	Cereals and bakery products	Cereals and cereal products	Rice, pasta, cornmeal	Rice	--	--		12.5	0.5	1.4	-0.5		1.25
4	10	SEFB	Bakery products	 *  *  *  * Bakery products	4	T	12	All items	Food	Food at home	Cereals and bakery products	Bakery products	--	--	--	--	0.803	14.7	0.1	1.2	0.7	0.105	0.69
5	11	SEFB01	Bread	 *  *  *  *  * Bread	5	T	13	All items	Food	Food at home	Cereals and bakery products	Bakery products	Bread	--	--	--	0.224	15.8	0.2	0.2	1.2	0.031	1.07
6	12	SS02011	White bread	 *  *  *  *  *  * White bread	6	T	14	All items	Food	Food at home	Cereals and bakery products	Bakery products	Bread	White bread	--	--		16	1.3	-0.1	0.4		1.29
6	13	SS02021	Bread other than white	 *  *  *  *  *  * Bread other than white	6	T	15	All items	Food	Food at home	Cereals and bakery products	Bakery products	Bread	Bread other than white	--	--		15	-0.7	0.8	1.7		1.48
5	14	SEFB02	Fresh biscuits, rolls, muffins	 *  *  *  *  * Fresh biscuits, rolls, muffins	5	T	16	All items	Food	Food at home	Cereals and bakery products	Bakery products	Fresh biscuits, rolls, muffins	--	--	--	0.118	14.3	-0.3	1.3	1.1	0.016	1.6
5	15	SEFB03	Cakes, cupcakes, and cookies	 *  *  *  *  * Cakes, cupcakes, and cookies	5	T	17	All items	Food	Food at home	Cereals and bakery products	Bakery products	Cakes, cupcakes, and cookies	--	--	--	0.209	15.8	0.3	1.7	0.8	0.028	1.33
6	16	SS02042	Cookies	 *  *  *  *  *  * Cookies	6	T	19	All items	Food	Food at home	Cereals and bakery products	Bakery products	Cakes, cupcakes, and cookies	Cookies	--	--		16.6	1	2.5	0.9		1.61
6	17	SS02041	Fresh cakes and cupcakes	 *  *  *  *  *  * Fresh cakes and cupcakes	6	T	18	All items	Food	Food at home	Cereals and bakery products	Bakery products	Cakes, cupcakes, and cookies	Fresh cakes and cupcakes	--	--		13.8	-0.4	1.1	0.7		2.4
5	18	SEFB04	Other bakery products	 *  *  *  *  * Other bakery products	5	T	20	All items	Food	Food at home	Cereals and bakery products	Bakery products	Other bakery products	--	--	--	0.251	13.2	0.1	1.7	0.1	0.03	1.36
6	19	SS02063	Fresh sweetrolls, coffeecakes, doughnuts	 *  *  *  *  *  * Fresh sweetrolls, coffeecakes, doughnuts	6	T	21	All items	Food	Food at home	Cereals and bakery products	Bakery products	Other bakery products	Fresh sweetrolls, coffeecakes, doughnuts	--	--		5.1	2.6	-0.2	-0.7		2.06
6	20	SS0206A	Crackers, bread, and cracker products	 *  *  *  *  *  * Crackers, bread, and cracker products	6	T	22	All items	Food	Food at home	Cereals and bakery products	Bakery products	Other bakery products	Crackers, bread, and cracker products	--	--		14.6	-0.3	2.4	1.1		1.86
6	21	SS0206B	Frozen and refrigerated bakery products, pies, tarts, turnovers	 *  *  *  *  *  * Frozen and refrigerated bakery products, pies, tarts, turnovers	6	T	23	All items	Food	Food at home	Cereals and bakery products	Bakery products	Other bakery products	Frozen and refrigerated bakery products, pies, tarts, turnovers	--	--		15.7	-1.1	1.6	-0.8		1.78
3	22	SAF112	Meats, poultry, fish, and eggs	 *  *  * Meats, poultry, fish, and eggs	3	T	24	All items	Food	Food at home	Meats, poultry, fish, and eggs	--	--	--	--	--	1.846	6.8	0.3	0.7	-0.3	0.128	0.47
4	23	SAF1121	Meats, poultry, and fish	 *  *  *  * Meats, poultry, and fish	4	T	25	All items	Food	Food at home	Meats, poultry, fish, and eggs	Meats, poultry, and fish	--	--	--	--	1.666	3.8	-0.6	-0.1	0.4	0.066	0.49
5	24	SAF11211	Meats	 *  *  *  *  * Meats	5	T	26	All items	Food	Food at home	Meats, poultry, fish, and eggs	Meats, poultry, and fish	Meats	--	--	--	1.028	1.8	-0.5	-0.2	0.4	0.02	0.54
6	25	SEFC	Beef and veal	 *  *  *  *  *  * Beef and veal	6	T	27	All items	Food	Food at home	Meats, poultry, fish, and eggs	Meats, poultry, and fish	Meats	Beef and veal	--	--	0.437	-1.4	0	0.6	0.3	-0.008	0.84
7	26	SEFC01	Uncooked ground beef	 *  *  *  *  *  *  * Uncooked ground beef	7	T	28	All items	Food	Food at home	Meats, poultry, fish, and eggs	Meats, poultry, and fish	Meats	Beef and veal	Uncooked ground beef	--	0.156	0.3	-0.1	-0.2	0.2	0.001	1.09
7	27	SEFC02	Uncooked beef roasts	 *  *  *  *  *  *  * Uncooked beef roasts	7	T	29	All items	Food	Food at home	Meats, poultry, fish, and eggs	Meats, poultry, and fish	Meats	Beef and veal	Uncooked beef roasts	--	0.057	-2.4	1.1	1.4	-0.4	-0.002	2.36
7	28	SEFC03	Uncooked beef steaks	 *  *  *  *  *  *  * Uncooked beef steaks	7	T	30	All items	Food	Food at home	Meats, poultry, fish, and eggs	Meats, poultry, and fish	Meats	Beef and veal	Uncooked beef steaks	--	0.179	-1.9	-0.5	1	1	-0.004	1.39
7	29	SEFC04	Uncooked other beef and veal	 *  *  *  *  *  *  * Uncooked other beef and veal	7	T	31	All items	Food	Food at home	Meats, poultry, fish, and eggs	Meats, poultry, and fish	Meats	Beef and veal	Uncooked other beef and veal	--	0.044	-4.4	0.6	0.9	-1.2	-0.002	1.9
6	30	SEFD	Pork	 *  *  *  *  *  * Pork	6	T	32	All items	Food	Food at home	Meats, poultry, fish, and eggs	Meats, poultry, and fish	Meats	Pork	--	--	0.335	1.5	-1.9	0.1	0.6	0.005	1.08
7	31	SEFD01	Bacon, breakfast sausage, and related products	 *  *  *  *  *  *  * Bacon, breakfast sausage, and related products	7	T	33	All items	Food	Food at home	Meats, poultry, fish, and eggs	Meats, poultry, and fish	Meats	Pork	Bacon, breakfast sausage, and related products	--	0.145	-0.3	-1.5	0.1	-1.5	0	1.3
8	32	SS04011	Bacon and related products	 *  *  *  *  *  *  *  * Bacon and related products	8	T	34	All items	Food	Food at home	Meats, poultry, fish, and eggs	Meats, poultry, and fish	Meats	Pork	Bacon, breakfast sausage, and related products	Bacon and related products		-5.9	-3.6	-1.1	-2.5		1.78
8	33	SS04012	Breakfast sausage and related products	 *  *  *  *  *  *  *  * Breakfast sausage and related products	8	T	35	All items	Food	Food at home	Meats, poultry, fish, and eggs	Meats, poultry, and fish	Meats	Pork	Bacon, breakfast sausage, and related products	Breakfast sausage and related products		9.7	2	1.8	0.2		1.96
7	34	SEFD02	Ham	 *  *  *  *  *  *  * Ham	7	T	36	All items	Food	Food at home	Meats, poultry, fish, and eggs	Meats, poultry, and fish	Meats	Pork	Ham	--	0.067	8.3	-5.6	5.2	3.8	0.006	2.56
8	35	SS04031	Ham, excluding canned	 *  *  *  *  *  *  *  * Ham, excluding canned	8	T	37	All items	Food	Food at home	Meats, poultry, fish, and eggs	Meats, poultry, and fish	Meats	Pork	Ham	Ham, excluding canned		8.6	-6.2	5.5	4		2.65
7	36	SEFD03	Pork chops	 *  *  *  *  *  *  * Pork chops	7	T	38	All items	Food	Food at home	Meats, poultry, fish, and eggs	Meats, poultry, and fish	Meats	Pork	Pork chops	--	0.044	2.4	0.2	-3.5	2.3	0.001	1.97
7	37	SEFD04	Other pork including roasts, steaks, and ribs	 *  *  *  *  *  *  * Other pork including roasts, steaks, and ribs	7	T	39	All items	Food	Food at home	Meats, poultry, fish, and eggs	Meats, poultry, and fish	Meats	Pork	Other pork including roasts, steaks, and ribs	--	0.079	-1.6	-1.1	-1.8	0.9	-0.001	2.44
6	38	SEFE	Other meats	 *  *  *  *  *  * Other meats	6	T	40	All items	Food	Food at home	Meats, poultry, fish, and eggs	Meats, poultry, and fish	Meats	Other meats	--	--	0.255	9.6	0.6	-1.8	0.2	0.023	1.03
7	39	SS05011	Frankfurters	 *  *  *  *  *  *  * Frankfurters	7	T	41	All items	Food	Food at home	Meats, poultry, fish, and eggs	Meats, poultry, and fish	Meats	Other meats	Frankfurters	--		11	2.8	-3.8	1.7		3.05
7	40	SS0501A	Lunchmeats	 *  *  *  *  *  *  * Lunchmeats	7	T	42	All items	Food	Food at home	Meats, poultry, fish, and eggs	Meats, poultry, and fish	Meats	Other meats	Lunchmeats	--		10.4	-0.2	-1.7	0.6		1.25
6	41	SEFF	Poultry	 *  *  *  *  *  * Poultry	6	T	45	All items	Food	Food at home	Meats, poultry, fish, and eggs	Meats, poultry, and fish	Meats	Poultry	--	--	0.349	9.5	-0.6	-0.1	0.1	0.033	1.28
7	42	SEFF01	Chicken	 *  *  *  *  *  *  * Chicken	7	T	46	All items	Food	Food at home	Meats, poultry, fish, and eggs	Meats, poultry, and fish	Meats	Poultry	Chicken	--	0.279	8.8	-0.6	-0.6	0.2	0.025	1.34
8	43	SS06011	Fresh whole chicken	 *  *  *  *  *  *  *  * Fresh whole chicken	7	T	47	All items	Food	Food at home	Meats, poultry, fish, and eggs	Meats, poultry, and fish	Meats	Poultry	Chicken	Fresh whole chicken		11.7	-0.3	-0.1	0.7		2.82
8	44	SS06021	Fresh and frozen chicken parts	 *  *  *  *  *  *  *  * Fresh and frozen chicken parts	7	T	48	All items	Food	Food at home	Meats, poultry, fish, and eggs	Meats, poultry, and fish	Meats	Poultry	Chicken	Fresh and frozen chicken parts		7.7	-0.8	-1	0.1		1.75
7	45	SEFF02	Other uncooked poultry including turkey	 *  *  *  *  *  *  * Other uncooked poultry including turkey	6	T	49	All items	Food	Food at home	Meats, poultry, fish, and eggs	Meats, poultry, and fish	Meats	Poultry	Other uncooked poultry including turkey	--	0.07	12.6	-0.7	2.2	-0.2	0.008	2.65
6	46	SEFG	Fish and seafood	 *  *  *  *  *  * Fish and seafood	5	T	50	All items	Food	Food at home	Meats, poultry, fish, and eggs	Meats, poultry, and fish	Meats	Fish and seafood	--	--	0.29	4.6	-0.8	0.4	0.7	0.013	1
7	47	SEFG01	Fresh fish and seafood	 *  *  *  *  *  *  * Fresh fish and seafood	6	T	51	All items	Food	Food at home	Meats, poultry, fish, and eggs	Meats, poultry, and fish	Meats	Fish and seafood	Fresh fish and seafood	--	0.142	4	-1	1.6	0.2	0.006	1.48
7	48	SEFG02	Processed fish and seafood	 *  *  *  *  *  *  * Processed fish and seafood	6	T	52	All items	Food	Food at home	Meats, poultry, fish, and eggs	Meats, poultry, and fish	Meats	Fish and seafood	Processed fish and seafood	--	0.148	5.2	-0.7	-0.8	1.2	0.007	1.31
8	49	SS07011	Shelf stable fish and seafood	 *  *  *  *  *  *  *  * Shelf stable fish and seafood	7	T	53	All items	Food	Food at home	Meats, poultry, fish, and eggs	Meats, poultry, and fish	Meats	Fish and seafood	Processed fish and seafood	Shelf stable fish and seafood		7.6	1.9	-1.9	3		1.98
8	50	SS07021	Frozen fish and seafood	 *  *  *  *  *  *  *  * Frozen fish and seafood	7	T	54	All items	Food	Food at home	Meats, poultry, fish, and eggs	Meats, poultry, and fish	Meats	Fish and seafood	Processed fish and seafood	Frozen fish and seafood		4.2	-1.7	-1.4	0.9		1.78
4	51	SEFH	Eggs	 *  *  *  * Eggs	4	T	55	All items	Food	Food at home	Meats, poultry, fish, and eggs	Eggs	--	--	--	--	0.18	55.4	11.1	8.5	-6.7	0.062	2.3
3	52	SEFJ	Dairy and related products	 *  *  * Dairy and related products	3	T	56	All items	Food	Food at home	Dairy and related products	--	--	--	--	--	0.813	12.3	0	0.2	0.1	0.094	0.63
4	53	SEFJ01	Milk	 *  *  *  * Milk	4	T	57	All items	Food	Food at home	Dairy and related products	Milk	--	--	--	--	0.202	8.1	-0.1	-0.3	-0.1	0.016	1.05
5	54	SS09011	Fresh whole milk	 *  *  *  *  * Fresh whole milk	5	T	58	All items	Food	Food at home	Dairy and related products	Milk	Fresh whole milk	--	--	--		6.9	-0.2	-0.2	-0.7		1.33
5	55	SS09021	Fresh milk other than whole	 *  *  *  *  * Fresh milk other than whole	5	T	59	All items	Food	Food at home	Dairy and related products	Milk	Fresh milk other than whole	--	--	--		9	0.1	-0.5	0.3		1.24
4	56	SEFJ02	Cheese and related products	 *  *  *  * Cheese and related products	4	T	60	All items	Food	Food at home	Dairy and related products	Cheese and related products	--	--	--	--	0.25	9.4	0.5	-0.3	-0.3	0.024	0.9
4	57	SEFJ03	Ice cream and related products	 *  *  *  * Ice cream and related products	4	T	61	All items	Food	Food at home	Dairy and related products	Ice cream and related products	--	--	--	--	0.124	13.9	-0.6	1.3	-0.7	0.016	1.67
4	58	SEFJ04	Other dairy and related products	 *  *  *  * Other dairy and related products	4	T	62	All items	Food	Food at home	Dairy and related products	Other dairy and related products	--	--	--	--	0.238	19.2	-0.1	0.7	1.1	0.038	1.16
3	59	SAF113	Fruits and vegetables	 *  *  * Fruits and vegetables	3	T	63	All items	Food	Food at home	Fruits and vegetables	--	--	--	--	--	1.508	5.3	-0.1	0.5	0.1	0.076	0.64
4	60	SAF1131	Fresh fruits and vegetables	 *  *  *  * Fresh fruits and vegetables	4	T	64	All items	Food	Food at home	Fruits and vegetables	Fresh fruits and vegetables	--	--	--	--	1.129	2.6	-0.5	0.5	-0.5	0.029	0.78
5	61	SEFK	Fresh fruits	 *  *  *  *  * Fresh fruits	5	T	65	All items	Food	Food at home	Fruits and vegetables	Fresh fruits and vegetables	Fresh fruits	--	--	--	0.596	0.4	-2	1.9	0.8	0.003	1.09
6	62	SEFK01	Apples	 *  *  *  *  *  * Apples	6	T	66	All items	Food	Food at home	Fruits and vegetables	Fresh fruits and vegetables	Fresh fruits	Apples	--	--	0.084	5.6	-0.1	2.9	1	0.005	1.97
6	63	SEFK02	Bananas	 *  *  *  *  *  * Bananas	6	T	67	All items	Food	Food at home	Fruits and vegetables	Fresh fruits and vegetables	Fresh fruits	Bananas	--	--	0.091	4.6	-0.4	1.5	1.7	0.004	1.38
6	64	SEFK03	Citrus fruits	 *  *  *  *  *  * Citrus fruits	6	T	68	All items	Food	Food at home	Fruits and vegetables	Fresh fruits and vegetables	Fresh fruits	Citrus fruits	--	--	0.173	-1.2	-5.4	3.4	1.1	-0.001	2.19
7	65	SS11031	Oranges, including tangerines	 *  *  *  *  *  *  * Oranges, including tangerines	7	T	69	All items	Food	Food at home	Fruits and vegetables	Fresh fruits and vegetables	Fresh fruits	Citrus fruits	Oranges, including tangerines	--		-0.4	-7.2	3.7	-0.9		2.24
6	66	SEFK04	Other fresh fruits	 *  *  *  *  *  * Other fresh fruits	6	T	70	All items	Food	Food at home	Fruits and vegetables	Fresh fruits and vegetables	Fresh fruits	Other fresh fruits	--	--	0.247	-1.6	-1	0.7	0.2	-0.005	1.87
5	67	SEFL	Fresh vegetables	 *  *  *  *  * Fresh vegetables	5	T	71	All items	Food	Food at home	Fruits and vegetables	Fresh fruits and vegetables	Fresh vegetables	--	--	--	0.533	5.3	1.2	-1.1	-2	0.026	0.87
6	68	SEFL01	Potatoes	 *  *  *  *  *  * Potatoes	6	T	72	All items	Food	Food at home	Fruits and vegetables	Fresh fruits and vegetables	Fresh vegetables	Potatoes	--	--	0.087	13.5	1.8	1.8	2.4	0.011	1.49
6	69	SEFL02	Lettuce	 *  *  *  *  *  * Lettuce	6	T	73	All items	Food	Food at home	Fruits and vegetables	Fresh fruits and vegetables	Fresh vegetables	Lettuce	--	--	0.079	10.4	4	-7.4	-6.1	0.004	1.85
6	70	SEFL03	Tomatoes	 *  *  *  *  *  * Tomatoes	6	T	74	All items	Food	Food at home	Fruits and vegetables	Fresh fruits and vegetables	Fresh vegetables	Tomatoes	--	--	0.088	3.4	4.2	-4.2	-2.3	0.002	2
6	71	SEFL04	Other fresh vegetables	 *  *  *  *  *  * Other fresh vegetables	6	T	75	All items	Food	Food at home	Fruits and vegetables	Fresh fruits and vegetables	Fresh vegetables	Other fresh vegetables	--	--	0.28	2.9	-0.6	0.9	-2.1	0.008	1.11
4	72	SEFM	Processed fruits and vegetables	 *  *  *  * Processed fruits and vegetables	4	T	76	All items	Food	Food at home	Fruits and vegetables	Processed fruits and vegetables	--	--	--	--	0.38	14.2	1.3	0.8	1.8	0.047	0.74
5	73	SEFM01	Canned fruits and vegetables	 *  *  *  *  * Canned fruits and vegetables	5	T	77	All items	Food	Food at home	Fruits and vegetables	Processed fruits and vegetables	Canned fruits and vegetables	--	--	--	0.195	14.5	0.9	0.3	1	0.024	1.14
6	74	SS13031	Canned fruits	 *  *  *  *  *  * Canned fruits	6	T	78	All items	Food	Food at home	Fruits and vegetables	Processed fruits and vegetables	Canned fruits and vegetables	Canned fruits	--	--		14.7	1.1	-0.9	1.8		1.47
6	75	SS14021	Canned vegetables	 *  *  *  *  *  * Canned vegetables	6	T	79	All items	Food	Food at home	Fruits and vegetables	Processed fruits and vegetables	Canned fruits and vegetables	Canned vegetables	--	--		14.3	0.8	1.4	0.5		1.6
5	76	SEFM02	Frozen fruits and vegetables	 *  *  *  *  * Frozen fruits and vegetables	5	T	80	All items	Food	Food at home	Fruits and vegetables	Processed fruits and vegetables	Frozen fruits and vegetables	--	--	--	0.108	15.8	0.8	0.6	4.7	0.016	1.47
6	77	SS14011	Frozen vegetables	 *  *  *  *  *  * Frozen vegetables	6	T	81	All items	Food	Food at home	Fruits and vegetables	Processed fruits and vegetables	Frozen fruits and vegetables	Frozen vegetables	--	--		21.4	0.4	2.3	4.8		2.04
5	78	SEFM03	Other processed fruits and vegetables including dried	 *  *  *  *  * Other processed fruits and vegetables including dried	5	T	82	All items	Food	Food at home	Fruits and vegetables	Processed fruits and vegetables	Other processed fruits and vegetables including dried	--	--	--	0.077	11.1	2.7	2.4	-0.4	0.007	1.53
6	79	SS14022	Dried beans, peas, and lentils	 *  *  *  *  *  * Dried beans, peas, and lentils	6	T	83	All items	Food	Food at home	Fruits and vegetables	Processed fruits and vegetables	Other processed fruits and vegetables including dried	Dried beans, peas, and lentils	--	--		6	3.2	0.8	-3.2		2.63
3	80	SAF114	Nonalcoholic beverages and beverage materials	 *  *  * Nonalcoholic beverages and beverage materials	3	T	84	All items	Food	Food at home	Nonalcoholic beverages and beverage materials	--	--	--	--	--	1.046	12.3	0.4	1.4	1.2	0.118	0.62
4	81	SEFN	Juices and nonalcoholic drinks	 *  *  *  * Juices and nonalcoholic drinks	4	T	85	All items	Food	Food at home	Nonalcoholic beverages and beverage materials	Juices and nonalcoholic drinks	--	--	--	--	0.732	12.8	0.5	1.4	1.4	0.086	0.88
5	82	SEFN01	Carbonated drinks	 *  *  *  *  * Carbonated drinks	5	T	86	All items	Food	Food at home	Nonalcoholic beverages and beverage materials	Juices and nonalcoholic drinks	Carbonated drinks	--	--	--	0.308	12.7	1.2	1.2	0.8	0.036	1.51
5	83	SEFN02	Frozen noncarbonated juices and drinks	 *  *  *  *  * Frozen noncarbonated juices and drinks	5	T	87	All items	Food	Food at home	Nonalcoholic beverages and beverage materials	Juices and nonalcoholic drinks	Frozen noncarbonated juices and drinks	--	--	--	0.008	11.4	1	1.5	3.7	0.001	1.75
5	84	SEFN03	Nonfrozen noncarbonated juices and drinks	 *  *  *  *  * Nonfrozen noncarbonated juices and drinks	5	T	88	All items	Food	Food at home	Nonalcoholic beverages and beverage materials	Juices and nonalcoholic drinks	Nonfrozen noncarbonated juices and drinks	--	--	--	0.416	12.8	0	1.5	1.8	0.049	1.14
4	85	SEFP	Beverage materials including coffee and tea	 *  *  *  * Beverage materials including coffee and tea	4	T	89	All items	Food	Food at home	Nonalcoholic beverages and beverage materials	Beverage materials including coffee and tea	--	--	--	--	0.314	11.3	0	1.7	0.8	0.032	1.07
5	86	SEFP01	Coffee	 *  *  *  *  * Coffee	5	T	90	All items	Food	Food at home	Nonalcoholic beverages and beverage materials	Beverage materials including coffee and tea	Coffee	--	--	--	0.203	11.4	0	2.3	0.3	0.021	1.5
6	87	SS17031	Roasted coffee	 *  *  *  *  *  * Roasted coffee	6	T	91	All items	Food	Food at home	Nonalcoholic beverages and beverage materials	Beverage materials including coffee and tea	Coffee	Roasted coffee	--	--		11.1	0.6	1.6	-0.1		1.67
6	88	SS17032	Instant coffee	 *  *  *  *  *  * Instant coffee	6	T	92	All items	Food	Food at home	Nonalcoholic beverages and beverage materials	Beverage materials including coffee and tea	Coffee	Instant coffee	--	--		12.7	-2.2	3.6	1.1		2.12
5	89	SEFP02	Other beverage materials including tea	 *  *  *  *  * Other beverage materials including tea	5	T	93	All items	Food	Food at home	Nonalcoholic beverages and beverage materials	Beverage materials including coffee and tea	Other beverage materials including tea	--	--	--	0.11	11.3	0.1	0.5	1.6	0.011	1.52
3	90	SAF115	Other food at home	 *  *  * Other food at home	3	T	94	All items	Food	Food at home	Other food at home	--	--	--	--	--	2.344	12.4	0.5	0.7	0.7	0.271	0.42
4	91	SEFR	Sugar and sweets	 *  *  *  * Sugar and sweets	4	T	95	All items	Food	Food at home	Other food at home	Sugar and sweets	--	--	--	--	0.304	11.7	0.4	1.7	0.5	0.033	1.29
5	92	SEFR01	Sugar and sugar substitutes	 *  *  *  *  * Sugar and sugar substitutes	5	T	96	All items	Food	Food at home	Other food at home	Sugar and sweets	Sugar and sugar substitutes	--	--	--	0.04	14.8	0.2	1.9	2.2	0.006	1.15
5	93	SEFR02	Candy and chewing gum	 *  *  *  *  * Candy and chewing gum	5	T	97	All items	Food	Food at home	Other food at home	Sugar and sweets	Candy and chewing gum	--	--	--	0.194	10.6	1	1.7	-0.2	0.019	1.67
5	94	SEFR03	Other sweets	 *  *  *  *  * Other sweets	5	T	98	All items	Food	Food at home	Other food at home	Sugar and sweets	Other sweets	--	--	--	0.07	12.9	-1	1.7	1.4	0.008	2.14
4	95	SEFS	Fats and oils	 *  *  *  * Fats and oils	4	T	99	All items	Food	Food at home	Other food at home	Fats and oils	--	--	--	--	0.262	19.4	1.5	1.4	0.4	0.046	1.33
5	96	SEFS01	Butter and margarine	 *  *  *  *  * Butter and margarine	5	T	100	All items	Food	Food at home	Other food at home	Fats and oils	Butter and margarine	--	--	--	0.087	26.9	1.6	1.9	-1	0.019	1.78
6	97	SS10011	Butter	 *  *  *  *  *  * Butter	6	T	101	All items	Food	Food at home	Other food at home	Fats and oils	Butter and margarine	Butter	--	--		20.7	2.3	2.2	-1.7		2.76
6	98	SS16011	Margarine	 *  *  *  *  *  * Margarine	6	T	102	All items	Food	Food at home	Other food at home	Fats and oils	Butter and margarine	Margarine	--	--		39.8	1.9	1.2	1.5		2.94
5	99	SEFS02	Salad dressing	 *  *  *  *  * Salad dressing	5	T	103	All items	Food	Food at home	Other food at home	Fats and oils	Salad dressing	--	--	--	0.061	18.4	-0.1	0.9	0.5	0.01	1.8
5	100	SEFS03	Other fats and oils including peanut butter	 *  *  *  *  * Other fats and oils including peanut butter	5	T	104	All items	Food	Food at home	Other food at home	Fats and oils	Other fats and oils including peanut butter	--	--	--	0.114	15.3	2.2	1.4	1.5	0.017	2.15
6	101	SS16014	Peanut butter	 *  *  *  *  *  * Peanut butter	6	T	105	All items	Food	Food at home	Other food at home	Fats and oils	Other fats and oils including peanut butter	Peanut butter	--	--		4.1	1.8	-0.5	2.5		2.67
4	102	SEFT	Other foods	 *  *  *  * Other foods	4	T	106	All items	Food	Food at home	Other food at home	Other foods	--	--	--	--	1.778	11.6	0.4	0.4	0.8	0.192	0.49
5	103	SEFT01	Soups	 *  *  *  *  * Soups	5	T	107	All items	Food	Food at home	Other food at home	Other foods	Soups	--	--	--	0.105	12	1.6	1.1	1.3	0.012	2.49
5	104	SEFT02	Frozen and freeze dried prepared foods	 *  *  *  *  * Frozen and freeze dried prepared foods	5	T	108	All items	Food	Food at home	Other food at home	Other foods	Frozen and freeze dried prepared foods	--	--	--	0.27	10.6	1	-1.1	0.7	0.028	1.18
5	105	SEFT03	Snacks	 *  *  *  *  * Snacks	5	T	109	All items	Food	Food at home	Other food at home	Other foods	Snacks	--	--	--	0.373	9.1	-0.2	-0.1	0.5	0.033	1.08
5	106	SEFT04	Spices, seasonings, condiments, sauces	 *  *  *  *  * Spices, seasonings, condiments, sauces	5	T	110	All items	Food	Food at home	Other food at home	Other foods	Spices, seasonings, condiments, sauces	--	--	--	0.357	13.1	0.6	2	1.7	0.043	0.88
6	107	SS18041	Salt and other seasonings and spices	 *  *  *  *  *  * Salt and other seasonings and spices	6	T	111	All items	Food	Food at home	Other food at home	Other foods	Spices, seasonings, condiments, sauces	Salt and other seasonings and spices	--	--		9.2	-0.4	2.8	1.8		1.57
6	108	SS18042	Olives, pickles, relishes	 *  *  *  *  *  * Olives, pickles, relishes	6	T	112	All items	Food	Food at home	Other food at home	Other foods	Spices, seasonings, condiments, sauces	Olives, pickles, relishes	--	--		15.4	0.6	0	0.8		1.92
6	109	SS18043	Sauces and gravies	 *  *  *  *  *  * Sauces and gravies	6	T	113	All items	Food	Food at home	Other food at home	Other foods	Spices, seasonings, condiments, sauces	Sauces and gravies	--	--		15.5	1.1	1.9	2.1		1.85
6	110	SS1804B	Other condiments	 *  *  *  *  *  * Other condiments	6	T	114	All items	Food	Food at home	Other food at home	Other foods	Spices, seasonings, condiments, sauces	Other condiments	--	--		14.5	3.1	7.5	0.3		2.25
5	111	SEFT05	Baby food and formula	 *  *  *  *  * Baby food and formula	5	T	115	All items	Food	Food at home	Other food at home	Other foods	Baby food and formula	--	--	--	0.037	9.8	-0.2	-0.5	0.5	0.004	1.74
5	112	SEFT06	Other miscellaneous foods	 *  *  *  *  * Other miscellaneous foods	5	T	116	All items	Food	Food at home	Other food at home	Other foods	Other miscellaneous foods	--	--	--	0.636	12.7	0.2	0.3	0.4	0.072	0.87
6	113	SS18064	Prepared salads	 *  *  *  *  *  * Prepared salads	6	T	117	All items	Food	Food at home	Other food at home	Other foods	Other miscellaneous foods	Prepared salads	--	--		10.6	0.1	2.1	0.6		1.97
2	114	SEFV	Food away from home	 *  * Food away from home	2	T	118	All items	Food	Food away from home	--	--	--	--	--	--	4.795	8.4	0.4	0.6	0.6	0.429	0.41
3	115	SEFV01	Full service meals and snacks	 *  *  * Full service meals and snacks	3	T	119	All items	Food	Food away from home	Full service meals and snacks	--	--	--	--	--	2.302	8	0.1	0.5	0.6	0.19	0.46
3	116	SEFV02	Limited service meals and snacks	 *  *  * Limited service meals and snacks	3	T	120	All items	Food	Food away from home	Limited service meals and snacks	--	--	--	--	--	2.228	7.2	0.5	0.7	0.7	0.177	0.44
3	117	SEFV03	Food at employee sites and schools	 *  *  * Food at employee sites and schools	3	T	121	All items	Food	Food away from home	Food at employee sites and schools	--	--	--	--	--	0.075	134.4	0.6	0.1	-0.2	0.047	8.16
4	118	SSFV031A	Food at elementary and secondary schools	 *  *  *  * Food at elementary and secondary schools	3	T	122	All items	Food	Food away from home	Food at employee sites and schools	Food at elementary and secondary schools	--	--	--	--		299.7	0.2	0	-0.1		67.8
3	119	SEFV04	Food from vending machines and mobile vendors	 *  *  * Food from vending machines and mobile vendors	3	T	123	All items	Food	Food away from home	Food from vending machines and mobile vendors	--	--	--	--	--	0.025	15	1.4	1.7	1.3	0.005	1.67
3	120	SEFV05	Other food away from home	 *  *  * Other food away from home	3	T	124	All items	Food	Food away from home	Other food away from home	--	--	--	--	--	0.165	5.7	1	0	0.6	0.01	0.74
1	121	SA0E	Energy	 * Energy	1	T	375	All items	Energy	--	--	--	--	--	--	--	7.076	5.2	-6.1	3.1	-0.6	0.379	0.49
2	122	SACE	Energy commodities	 *  * Energy commodities	1	T	376	All items	Energy	Energy commodities	--	--	--	--	--	--	3.556	-1.4	-12.4	2.7	1.2	-0.069	0.51
3	123	SEHE	Fuel oil and other fuels	 *  *  * Fuel oil and other fuels	3	T	147	All items	Energy	Energy commodities	Fuel oil and other fuels	--	--	--	--	--	0.212	5.7	-11.7	-0.7	-5.2	0.013	1.65
4	124	SEHE01	Fuel oil	 *  *  *  * Fuel oil	4	T	148	All items	Energy	Energy commodities	Fuel oil and other fuels	Fuel oil	--	--	--	--	0.147	9.2	-16.6	-1.2	-7.9	0.013	2.3
4	125	SEHE02	Propane, kerosene, and firewood	 *  *  *  * Propane, kerosene, and firewood	4	T	149	All items	Energy	Energy commodities	Fuel oil and other fuels	Propane, kerosene, and firewood	--	--	--	--	0.064	0.4	0.7	0.4	1	0	1.75
3	126	SETB	Motor fuel	 *  *  * Motor fuel	2	T	221	All items	Energy	Energy commodities	Motor fuel	--	--	--	--	--	3.344	-1.7	-12.4	2.9	1.6	-0.081	0.54
4	127	SETB01	Gasoline (all types)	 *  *  *  * Gasoline (all types)	3	T	222	All items	Energy	Energy commodities	Motor fuel	Gasoline (all types)	--	--	--	--	3.246	-2	-12.5	3.2	1.7	-0.094	0.55
5	128	SS47014	Gasoline, unleaded regular	 *  *  *  *  * Gasoline, unleaded regular	4	T	223	All items	Energy	Energy commodities	Motor fuel	Gasoline (all types)	Gasoline, unleaded regular	--	--	--		-2.5	-12.8	3.5	1.6		0.88
5	129	SS47015	Gasoline, unleaded midgrade	 *  *  *  *  * Gasoline, unleaded midgrade	4	T	224	All items	Energy	Energy commodities	Motor fuel	Gasoline (all types)	Gasoline, unleaded midgrade	--	--	--		-0.5	-11	2	1.9		0.96
5	130	SS47016	Gasoline, unleaded premium	 *  *  *  *  * Gasoline, unleaded premium	4	T	225	All items	Energy	Energy commodities	Motor fuel	Gasoline (all types)	Gasoline, unleaded premium	--	--	--		1.2	-10.8	1.1	2.2		0.95
4	131	SETB02	Other motor fuels	 *  *  *  * Other motor fuels	3	T	226	All items	Energy	Energy commodities	Motor fuel	Other motor fuels	--	--	--	--	0.098	16.5	-8.5	-4.2	-2	0.012	0.77
2	132	SEHF	Energy services	 *  * Energy services	3	T	150	All items	Energy	Energy services	--	--	--	--	--	--	3.52	13.3	1.4	3.4	-2.4	0.448	0.83
3	133	SEHF01	Electricity	 *  *  * Electricity	4	T	151	All items	Energy	Energy services	Electricity	--	--	--	--	--	2.579	12.9	0.7	2.3	0.1	0.32	1.16
3	134	SEHF02	Utility (piped) gas service	 *  *  * Utility (piped) gas service	4	T	152	All items	Energy	Energy services	Utility (piped) gas service	--	--	--	--	--	0.941	14.3	3.4	6.6	-9.3	0.128	1.15
1	135	SA0L1E	All items less food and energy	 * All items less food and energy	1	T	360	All items	All items less food and energy	--	--	--	--	--	--	--	79.403	5.5	0.2	0.6	0.7	4.389	0.13
2	136	SACL1E	Commodities less food and energy commodities	 *  * Commodities less food and energy commodities	1	T	369	All items	All items less food and energy	Commodities less food and energy commodities	--	--	--	--	--	--	21.325	1	-0.6	0.6	0.5	0.23	0.22
3	137	SAH31	Household furnishings and supplies	 *  *  * Household furnishings and supplies	1	T	377	All items	All items less food and energy	Commodities less food and energy commodities	Household furnishings and supplies	--	--	--	--	--	4.412	6.3	0.1	1.1	1	0.262	0.58
4	138	SEHH	Window and floor coverings and other linens	 *  *  *  * Window and floor coverings and other linens	2	T	157	All items	All items less food and energy	Commodities less food and energy commodities	Household furnishings and supplies	Window and floor coverings and other linens	--	--	--	--	0.324	5.2	-0.4	3.4	-1.3	0.016	2.38
5	139	SEHH01	Floor coverings	 *  *  *  *  * Floor coverings	3	T	158	All items	All items less food and energy	Commodities less food and energy commodities	Household furnishings and supplies	Window and floor coverings and other linens	Floor coverings	--	--	--	0.086	8.4	0	1.5	0.3	0.006	3.67
5	140	SEHH02	Window coverings	 *  *  *  *  * Window coverings	3	T	159	All items	All items less food and energy	Commodities less food and energy commodities	Household furnishings and supplies	Window and floor coverings and other linens	Window coverings	--	--	--	0.078	9.7	1.7	5.8	-3.3	0.006	4.81
5	141	SEHH03	Other linens	 *  *  *  *  * Other linens	3	T	160	All items	All items less food and energy	Commodities less food and energy commodities	Household furnishings and supplies	Window and floor coverings and other linens	Other linens	--	--	--	0.16	2.4	-1.2	3.4	-1.2	0.004	3.57
4	142	SEHJ	Furniture and bedding	 *  *  *  * Furniture and bedding	2	T	161	All items	All items less food and energy	Commodities less food and energy commodities	Household furnishings and supplies	Furniture and bedding	--	--	--	--	1.178	2.3	0	0	0.2	0.023	1.48
5	143	SEHJ01	Bedroom furniture	 *  *  *  *  * Bedroom furniture	3	T	162	All items	All items less food and energy	Commodities less food and energy commodities	Household furnishings and supplies	Furniture and bedding	Bedroom furniture	--	--	--	0.382	1.6	0.6	0.4	0.8	0.006	1.94
5	144	SEHJ02	Living room, kitchen, and dining room furniture	 *  *  *  *  * Living room, kitchen, and dining room furniture	3	T	163	All items	All items less food and energy	Commodities less food and energy commodities	Household furnishings and supplies	Furniture and bedding	Living room, kitchen, and dining room furniture	--	--	--	0.579	3	-0.6	-0.4	-0.8	0.013	2.32
5	145	SEHJ03	Other furniture	 *  *  *  *  * Other furniture	3	T	164	All items	All items less food and energy	Commodities less food and energy commodities	Household furnishings and supplies	Furniture and bedding	Other furniture	--	--	--	0.21	1.7	0.5	0.1	1.8	0.004	2.83
4	146	SEHK	Appliances	 *  *  *  * Appliances	2	T	166	All items	All items less food and energy	Commodities less food and energy commodities	Household furnishings and supplies	Appliances	--	--	--	--	0.291	1.6	0.1	2.9	1.1	0.006	1.6
5	147	SEHK01	Major appliances	 *  *  *  *  * Major appliances	3	T	167	All items	All items less food and energy	Commodities less food and energy commodities	Household furnishings and supplies	Appliances	Major appliances	--	--	--	0.108	-5.9	1.6	-0.1	-1	-0.005	3.05
6	148	SS30021	Laundry equipment	 *  *  *  *  *  * Laundry equipment	4	T	168	All items	All items less food and energy	Commodities less food and energy commodities	Household furnishings and supplies	Appliances	Major appliances	Laundry equipment	--	--		-5.1	4.1	1.6	-3.2		2.53
5	149	SEHK02	Other appliances	 *  *  *  *  * Other appliances	3	T	169	All items	All items less food and energy	Commodities less food and energy commodities	Household furnishings and supplies	Appliances	Other appliances	--	--	--	0.181	6.2	-0.7	4.8	2.3	0.011	1.96
4	150	SEHL	Other household equipment and furnishings	 *  *  *  * Other household equipment and furnishings	2	T	170	All items	All items less food and energy	Commodities less food and energy commodities	Household furnishings and supplies	Other household equipment and furnishings	--	--	--	--	0.578	0.8	-1.1	1.5	1.6	0.006	1.93
5	151	SEHL01	Clocks, lamps, and decorator items	 *  *  *  *  * Clocks, lamps, and decorator items	3	T	171	All items	All items less food and energy	Commodities less food and energy commodities	Household furnishings and supplies	Other household equipment and furnishings	Clocks, lamps, and decorator items	--	--	--	0.319	-1.3	-2.6	1.5	1.3	-0.005	3.33
5	152	SEHL02	Indoor plants and flowers	 *  *  *  *  * Indoor plants and flowers	3	T	172	All items	All items less food and energy	Commodities less food and energy commodities	Household furnishings and supplies	Other household equipment and furnishings	Indoor plants and flowers	--	--	--	0.129	3.9	0.9	-0.4	2.9	0.005	1.84
5	153	SEHL03	Dishes and flatware	 *  *  *  *  * Dishes and flatware	3	T	173	All items	All items less food and energy	Commodities less food and energy commodities	Household furnishings and supplies	Other household equipment and furnishings	Dishes and flatware	--	--	--	0.043	6.8	0.7	3.3	1.9	0.003	3.5
5	154	SEHL04	Nonelectric cookware and tableware	 *  *  *  *  * Nonelectric cookware and tableware	3	T	174	All items	All items less food and energy	Commodities less food and energy commodities	Household furnishings and supplies	Other household equipment and furnishings	Nonelectric cookware and tableware	--	--	--	0.087	2.8	1.6	3.2	0.9	0.003	2.19
4	155	SEHM	Tools, hardware, outdoor equipment and supplies	 *  *  *  * Tools, hardware, outdoor equipment and supplies	2	T	175	All items	All items less food and energy	Commodities less food and energy commodities	Household furnishings and supplies	Tools, hardware, outdoor equipment and supplies	--	--	--	--	1.069	11.8	1	0.9	2.6	0.114	1.32
5	156	SEHM01	Tools, hardware and supplies	 *  *  *  *  * Tools, hardware and supplies	3	T	176	All items	All items less food and energy	Commodities less food and energy commodities	Household furnishings and supplies	Tools, hardware, outdoor equipment and supplies	Tools, hardware and supplies	--	--	--	0.273	11.7	1.2	0.6	0.9	0.029	1.71
5	157	SEHM02	Outdoor equipment and supplies	 *  *  *  *  * Outdoor equipment and supplies	3	T	177	All items	All items less food and energy	Commodities less food and energy commodities	Household furnishings and supplies	Tools, hardware, outdoor equipment and supplies	Outdoor equipment and supplies	--	--	--	0.556	12.5	1	1.1	4	0.063	1.65
4	158	SEHN	Housekeeping supplies	 *  *  *  * Housekeeping supplies	2	T	178	All items	All items less food and energy	Commodities less food and energy commodities	Household furnishings and supplies	Housekeeping supplies	--	--	--	--	0.972	10.4	0.3	1.4	0.5	0.097	0.8
5	159	SEHN01	Household cleaning products	 *  *  *  *  * Household cleaning products	3	T	179	All items	All items less food and energy	Commodities less food and energy commodities	Household furnishings and supplies	Housekeeping supplies	Household cleaning products	--	--	--	0.326	7.7	-0.1	1.2	0.7	0.026	1.17
5	160	SEHN02	Household paper products	 *  *  *  *  * Household paper products	3	T	180	All items	All items less food and energy	Commodities less food and energy commodities	Household furnishings and supplies	Housekeeping supplies	Household paper products	--	--	--	0.177	10.8	1.4	-0.9	-0.2	0.024	1.35
5	161	SEHN03	Miscellaneous household products	 *  *  *  *  * Miscellaneous household products	3	T	181	All items	All items less food and energy	Commodities less food and energy commodities	Household furnishings and supplies	Housekeeping supplies	Miscellaneous household products	--	--	--	0.469	12.1	0	2.3	0.7	0.048	1.41
3	162	SAA	Apparel	 *  *  * Apparel	0	T	187	All items	All items less food and energy	Commodities less food and energy commodities	Apparel	--	--	--	--	--	2.525	3.3	-1.7	2.6	3.3	0.09	0.8
4	163	SAA1	Men's and boys' apparel	 *  *  *  * Men's and boys' apparel	1	T	188	All items	All items less food and energy	Commodities less food and energy commodities	Apparel	Men's and boys' apparel	--	--	--	--	0.666	2.1	-0.7	3.9	2.4	0.017	1.45
5	164	SEAA	Men's apparel	 *  *  *  *  * Men's apparel	2	T	189	All items	All items less food and energy	Commodities less food and energy commodities	Apparel	Men's and boys' apparel	Men's apparel	--	--	--	0.495	2.2	-1.2	4.8	1.8	0.012	1.65
6	165	SEAA01	Men's suits, sport coats, and outerwear	 *  *  *  *  *  * Men's suits, sport coats, and outerwear	3	T	190	All items	All items less food and energy	Commodities less food and energy commodities	Apparel	Men's and boys' apparel	Men's apparel	Men's suits, sport coats, and outerwear	--	--	0.069	3.7	-2.4	3.5	-0.2	0.003	4.48
6	166	SEAA02	Men's underwear, nightwear, swimwear and accessories	 *  *  *  *  *  * Men's underwear, nightwear, swimwear and accessories	3	T	191	All items	All items less food and energy	Commodities less food and energy commodities	Apparel	Men's and boys' apparel	Men's apparel	Men's underwear, nightwear, swimwear and accessories	--	--	0.18	3.9	-1.4	5.5	1.4	0.008	1.84
6	167	SEAA03	Men's shirts and sweaters	 *  *  *  *  *  * Men's shirts and sweaters	3	T	192	All items	All items less food and energy	Commodities less food and energy commodities	Apparel	Men's and boys' apparel	Men's apparel	Men's shirts and sweaters	--	--	0.118	0.9	-0.6	1.6	6.3	0.001	3.58
6	168	SEAA04	Men's pants and shorts	 *  *  *  *  *  * Men's pants and shorts	3	T	193	All items	All items less food and energy	Commodities less food and energy commodities	Apparel	Men's and boys' apparel	Men's apparel	Men's pants and shorts	--	--	0.119	0.2	-0.7	8.1	-0.8	0	2.8
5	169	SEAB	Boys' apparel	 *  *  *  *  * Boys' apparel	2	T	194	All items	All items less food and energy	Commodities less food and energy commodities	Apparel	Men's and boys' apparel	Boys' apparel	--	--	--	0.17	2.1	1.1	1.5	4	0.005	2.56
4	170	SAA2	Women's and girls' apparel	 *  *  *  * Women's and girls' apparel	1	T	195	All items	All items less food and energy	Commodities less food and energy commodities	Apparel	Women's and girls' apparel	--	--	--	--	1.016	4.3	-2.9	1.6	5.4	0.048	1.46
5	171	SEAC	Women's apparel	 *  *  *  *  * Women's apparel	2	T	196	All items	All items less food and energy	Commodities less food and energy commodities	Apparel	Women's and girls' apparel	Women's apparel	--	--	--	0.846	3.8	-3.2	1.5	5.3	0.036	1.64
6	172	SEAC01	Women's outerwear	 *  *  *  *  *  * Women's outerwear	3	T	197	All items	All items less food and energy	Commodities less food and energy commodities	Apparel	Women's and girls' apparel	Women's apparel	Women's outerwear	--	--	0.046	-0.4	-1.5	0.9	6.1	-0.001	3.41
6	173	SEAC02	Women's dresses	 *  *  *  *  *  * Women's dresses	3	T	198	All items	All items less food and energy	Commodities less food and energy commodities	Apparel	Women's and girls' apparel	Women's apparel	Women's dresses	--	--	0.087	2.6	-6.2	-3.5	12.9	0.003	3.22
6	174	SEAC03	Women's suits and separates	 *  *  *  *  *  * Women's suits and separates	3	T	199	All items	All items less food and energy	Commodities less food and energy commodities	Apparel	Women's and girls' apparel	Women's apparel	Women's suits and separates	--	--	0.381	4.2	-2.8	0.6	6.2	0.017	2.03
6	175	SEAC04	Women's underwear, nightwear, swimwear and accessories	 *  *  *  *  *  * Women's underwear, nightwear, swimwear and accessories	3	T	200	All items	All items less food and energy	Commodities less food and energy commodities	Apparel	Women's and girls' apparel	Women's apparel	Women's underwear, nightwear, swimwear and accessories	--	--	0.322	4.4	-3.1	4.2	2	0.016	3.55
5	176	SEAD	Girls' apparel	 *  *  *  *  * Girls' apparel	2	T	201	All items	All items less food and energy	Commodities less food and energy commodities	Apparel	Women's and girls' apparel	Girls' apparel	--	--	--	0.17	6.7	-1.3	2.3	5.9	0.012	3.35
4	177	SEAE	Footwear	 *  *  *  * Footwear	1	T	202	All items	All items less food and energy	Commodities less food and energy commodities	Apparel	Footwear	--	--	--	--	0.505	0.8	-1.8	0.7	2.3	0.002	1.11
5	178	SEAE01	Men's footwear	 *  *  *  *  * Men's footwear	2	T	203	All items	All items less food and energy	Commodities less food and energy commodities	Apparel	Footwear	Men's footwear	--	--	--	0.185	-0.2	-2.4	1.6	0.4	-0.001	1.63
5	179	SEAE02	Boys' and girls' footwear	 *  *  *  *  * Boys' and girls' footwear	2	T	204	All items	All items less food and energy	Commodities less food and energy commodities	Apparel	Footwear	Boys' and girls' footwear	--	--	--	0.121	-1	0.1	-0.3	0.7	-0.001	2.71
5	180	SEAE03	Women's footwear	 *  *  *  *  * Women's footwear	2	T	205	All items	All items less food and energy	Commodities less food and energy commodities	Apparel	Footwear	Women's footwear	--	--	--	0.199	2.9	-2.1	0.5	5.1	0.004	1.66
4	181	SEAF	Infants' and toddlers' apparel	 *  *  *  * Infants' and toddlers' apparel	1	T	206	All items	All items less food and energy	Commodities less food and energy commodities	Apparel	Infants' and toddlers' apparel	--	--	--	--	0.104	3.8	-0.7	3.1	2.3	0.004	3.96
4	182	SEAG	Jewelry and watches	 *  *  *  * Jewelry and watches	1	T	207	All items	All items less food and energy	Commodities less food and energy commodities	Apparel	Jewelry and watches	--	--	--	--	0.234	8.4	1.2	7.6	-1.1	0.018	2.61
5	183	SEAG01	Watches	 *  *  *  *  * Watches	2	T	208	All items	All items less food and energy	Commodities less food and energy commodities	Apparel	Jewelry and watches	Watches	--	--	--	0.037	3.2	-0.1	2.2	1.8	0.001	4.24
5	184	SEAG02	Jewelry	 *  *  *  *  * Jewelry	2	T	209	All items	All items less food and energy	Commodities less food and energy commodities	Apparel	Jewelry and watches	Jewelry	--	--	--	0.197	9.6	1.6	8.7	-1.7	0.016	3.21
3	185	SATCLTB	Transportation commodities less motor fuel	 *  *  * Transportation commodities less motor fuel	1	T	394	All items	All items less food and energy	Commodities less food and energy commodities	Transportation commodities less motor fuel	--	--	--	--	--	7.637	-3.2	-1	-0.3	-0.3	-0.276	0.3
4	186	SETA01	New vehicles	 *  *  *  * New vehicles	3	T	213	All items	All items less food and energy	Commodities less food and energy commodities	Transportation commodities less motor fuel	New vehicles	--	--	--	--	4.299	5.8	0.1	0.5	0.3	0.239	0.63
5	187	SS45011	New cars	 *  *  *  *  * New cars	4	T	215	All items	All items less food and energy	Commodities less food and energy commodities	Transportation commodities less motor fuel	New vehicles	New cars	--	--	--		6.3	0.2	0.4	0.3		1
5	188	SS45021	New trucks	 *  *  *  *  * New trucks	4	T	216	All items	All items less food and energy	Commodities less food and energy commodities	Transportation commodities less motor fuel	New vehicles	New trucks	--	--	--		6	0.1	0.5	0.3		0.94
4	189	SETA02	Used cars and trucks	 *  *  *  * Used cars and trucks	3	T	218	All items	All items less food and energy	Commodities less food and energy commodities	Transportation commodities less motor fuel	Used cars and trucks	--	--	--	--	2.605	-13.6	-2.4	-1.6	-1.4	-0.539	0.12
4	190	SETC	Motor vehicle parts and equipment	 *  *  *  * Motor vehicle parts and equipment	2	T	227	All items	All items less food and energy	Commodities less food and energy commodities	Transportation commodities less motor fuel	Motor vehicle parts and equipment	--	--	--	--	0.488	6.1	0.1	0.3	-0.5	0.026	1.28
5	191	SETC01	Tires	 *  *  *  *  * Tires	3	T	228	All items	All items less food and energy	Commodities less food and energy commodities	Transportation commodities less motor fuel	Motor vehicle parts and equipment	Tires	--	--	--	0.332	4.3	0.5	0	-0.4	0.011	1.35
5	192	SETC02	Vehicle accessories other than tires	 *  *  *  *  * Vehicle accessories other than tires	3	T	229	All items	All items less food and energy	Commodities less food and energy commodities	Transportation commodities less motor fuel	Motor vehicle parts and equipment	Vehicle accessories other than tires	--	--	--	0.156	9.4	-0.6	0.9	-0.7	0.015	2.38
6	193	SS48021	Vehicle parts and equipment other than tires	 *  *  *  *  *  * Vehicle parts and equipment other than tires	4	T	230	All items	All items less food and energy	Commodities less food and energy commodities	Transportation commodities less motor fuel	Motor vehicle parts and equipment	Vehicle accessories other than tires	Vehicle parts and equipment other than tires	--	--		7.2	-1.2	1.4	-1.3		2.81
6	194	SS47021	Motor oil, coolant, and fluids	 *  *  *  *  *  * Motor oil, coolant, and fluids	4	T	231	All items	All items less food and energy	Commodities less food and energy commodities	Transportation commodities less motor fuel	Motor vehicle parts and equipment	Vehicle accessories other than tires	Motor oil, coolant, and fluids	--	--		12.1	0.3	-1.8	0		2.06
3	195	SAM1	Medical care commodities	 *  *  * Medical care commodities	1	T	251	All items	All items less food and energy	Commodities less food and energy commodities	Medical care commodities	--	--	--	--	--	1.459	3.2	0.1	1.1	0.1	0.048	0.62
4	196	SEMF	Medicinal drugs	 *  *  *  * Medicinal drugs	2	T	252	All items	All items less food and energy	Commodities less food and energy commodities	Medical care commodities	Medicinal drugs	--	--	--	--	1.346	2.9	0	1.2	0.1	0.04	0.64
5	197	SEMF01	Prescription drugs	 *  *  *  *  * Prescription drugs	3	T	253	All items	All items less food and energy	Commodities less food and energy commodities	Medical care commodities	Medicinal drugs	Prescription drugs	--	--	--	0.957	2.4	0.1	2.1	0	0.024	0.64
5	198	SEMF02	Nonprescription drugs	 *  *  *  *  * Nonprescription drugs	3	T	254	All items	All items less food and energy	Commodities less food and energy commodities	Medical care commodities	Medicinal drugs	Nonprescription drugs	--	--	--	0.389	4.5	-0.4	-0.9	0.4	0.017	1.49
4	199	SEMG	Medical equipment and supplies	 *  *  *  * Medical equipment and supplies	2	T	255	All items	All items less food and energy	Commodities less food and energy commodities	Medical care commodities	Medical equipment and supplies	--	--	--	--	0.113	7.7	2.3	-0.8	0.2	0.008	1.66
3	200	SARC	Recreation commodities	 *  *  * Recreation commodities	1	T	387	All items	All items less food and energy	Commodities less food and energy commodities	Recreation commodities	--	--	--	--	--	2.284	2.9	-0.1	0.5	0.6	0.06	0.62
4	201	SERAC	Video and audio products	 *  *  *  * Video and audio products	1	T	397	All items	All items less food and energy	Commodities less food and energy commodities	Recreation commodities	Video and audio products	--	--	--	--	0.286	-6.9	-1.1	1.4	-0.8	-0.021	1.07
5	202	SERA01	Televisions	 *  *  *  *  * Televisions	2	T	271	All items	All items less food and energy	Commodities less food and energy commodities	Recreation commodities	Video and audio products	Televisions	--	--	--	0.143	-14.8	-0.6	1.3	-2.1	-0.021	1.13
5	203	SERA03	Other video equipment	 *  *  *  *  * Other video equipment	2	T	273	All items	All items less food and energy	Commodities less food and energy commodities	Recreation commodities	Video and audio products	Other video equipment	--	--	--	0.016	-7.5	-1.9	2	0.7	-0.002	2.94
5	204	SERA05	Audio equipment	 *  *  *  *  * Audio equipment	2	T	277	All items	All items less food and energy	Commodities less food and energy commodities	Recreation commodities	Video and audio products	Audio equipment	--	--	--	0.057	2.9	-2.4	2.8	1.2	0.002	2.97
5	205	SERA06	Recorded music and music subscriptions	 *  *  *  *  * Recorded music and music subscriptions	2	T	278	All items	All items less food and energy	Commodities less food and energy commodities	Recreation commodities	Video and audio products	Recorded music and music subscriptions	--	--	--	0.059	2.2	0.1	0.2	-0.4	0.001	1.26
4	206	SERB01	Pets and pet products	 *  *  *  * Pets and pet products	2	T	280	All items	All items less food and energy	Commodities less food and energy commodities	Recreation commodities	Pets and pet products	--	--	--	--	0.666	11.3	0.1	0.2	1.1	0.064	1.06
5	207	SS61031	Pet food	 *  *  *  *  * Pet food	3	T	281	All items	All items less food and energy	Commodities less food and energy commodities	Recreation commodities	Pets and pet products	Pet food	--	--	--		15.2	0.4	0.2	1.2		1.44
5	208	SS61032	Purchase of pets, pet supplies, accessories	 *  *  *  *  * Purchase of pets, pet supplies, accessories	3	T	282	All items	All items less food and energy	Commodities less food and energy commodities	Recreation commodities	Pets and pet products	Purchase of pets, pet supplies, accessories	--	--	--		5.3	0.1	0.4	0.5		1.87
4	209	SERC	Sporting goods	 *  *  *  * Sporting goods	1	T	286	All items	All items less food and energy	Commodities less food and energy commodities	Recreation commodities	Sporting goods	--	--	--	--	0.762	1.1	-0.5	0.5	0.2	0.008	1.29
5	210	SERC01	Sports vehicles including bicycles	 *  *  *  *  * Sports vehicles including bicycles	2	T	287	All items	All items less food and energy	Commodities less food and energy commodities	Recreation commodities	Sporting goods	Sports vehicles including bicycles	--	--	--	0.441	1.9	-0.6	1.1	0.6	0.008	2.06
5	211	SERC02	Sports equipment	 *  *  *  *  * Sports equipment	2	T	288	All items	All items less food and energy	Commodities less food and energy commodities	Recreation commodities	Sporting goods	Sports equipment	--	--	--	0.312	0.2	-0.2	-0.3	-0.3	0	1.6
4	212	SERD01	Photographic equipment and supplies	 *  *  *  * Photographic equipment and supplies	2	T	290	All items	All items less food and energy	Commodities less food and energy commodities	Recreation commodities	Photographic equipment and supplies	--	--	--	--	0.02	5.8	1.2	0.3	1	0.001	3.12
5	213	SS61023	Photographic equipment	 *  *  *  *  * Photographic equipment	3	T	292	All items	All items less food and energy	Commodities less food and energy commodities	Recreation commodities	Photographic equipment and supplies	Photographic equipment	--	--	--		4.6	1	0.3	1.1		4.24
4	214	SERG	Recreational reading materials	 *  *  *  * Recreational reading materials	1	T	308	All items	All items less food and energy	Commodities less food and energy commodities	Recreation commodities	Recreational reading materials	--	--	--	--	0.112	-0.1	-0.1	-0.4	0.3	0	1.71
5	215	SERG01	Newspapers and magazines	 *  *  *  *  * Newspapers and magazines	2	T	309	All items	All items less food and energy	Commodities less food and energy commodities	Recreation commodities	Recreational reading materials	Newspapers and magazines	--	--	--	0.061	0.7	0	0	0.2	0	2.69
5	216	SERG02	Recreational books	 *  *  *  *  * Recreational books	2	T	310	All items	All items less food and energy	Commodities less food and energy commodities	Recreation commodities	Recreational reading materials	Recreational books	--	--	--	0.052	-1.1	-0.1	-0.9	0.4	0	2.26
4	217	SERE	Other recreational goods	 *  *  *  * Other recreational goods	1	T	296	All items	All items less food and energy	Commodities less food and energy commodities	Recreation commodities	Other recreational goods	--	--	--	--	0.438	1.6	0.9	0.5	1.7	0.008	1.45
5	218	SERE01	Toys	 *  *  *  *  * Toys	2	T	297	All items	All items less food and energy	Commodities less food and energy commodities	Recreation commodities	Other recreational goods	Toys	--	--	--	0.351	1.2	1	0.4	2.2	0.005	1.66
6	219	SS61011	Toys, games, hobbies and playground equipment	 *  *  *  *  *  * Toys, games, hobbies and playground equipment	3	T	298	All items	All items less food and energy	Commodities less food and energy commodities	Recreation commodities	Other recreational goods	Toys	Toys, games, hobbies and playground equipment	--	--		-0.1	0.3	-0.2	0.4		2.97
5	220	SERE02	Sewing machines, fabric and supplies	 *  *  *  *  * Sewing machines, fabric and supplies	2	T	300	All items	All items less food and energy	Commodities less food and energy commodities	Recreation commodities	Other recreational goods	Sewing machines, fabric and supplies	--	--	--	0.024	1.2	3.6	1.5	-5.1	0	3.77
5	221	SERE03	Music instruments and accessories	 *  *  *  *  * Music instruments and accessories	2	T	301	All items	All items less food and energy	Commodities less food and energy commodities	Recreation commodities	Other recreational goods	Music instruments and accessories	--	--	--	0.051	4.5	-1.1	0.5	1.9	0.002	1.91
3	222	SAEC	Education and communication commodities	 *  *  * Education and communication commodities	1	T	373	All items	All items less food and energy	Commodities less food and energy commodities	Education and communication commodities	--	--	--	--	--	0.924	-10.5	-0.9	-0.1	-0.8	-0.089	1.55
4	223	SEEA	Educational books and supplies	 *  *  *  * Educational books and supplies	2	T	313	All items	All items less food and energy	Commodities less food and energy commodities	Education and communication commodities	Educational books and supplies	--	--	--	--	0.098	2.6	0.2	-0.4	0	0.002	2.75
5	224	SSEA011	College textbooks	 *  *  *  *  * College textbooks	3	T	314	All items	All items less food and energy	Commodities less food and energy commodities	Education and communication commodities	Educational books and supplies	College textbooks	--	--	--		3.2	0.2	-0.3	0.1		2.11
4	225	SEEEC	Information technology commodities	 *  *  *  * Information technology commodities	1	T	378	All items	All items less food and energy	Commodities less food and energy commodities	Education and communication commodities	Information technology commodities	--	--	--	--	0.827	-12	-1.1	0	-0.9	-0.092	1.94
5	226	SEEE01	Computers, peripherals, and smart home assistants	 *  *  *  *  * Computers, peripherals, and smart home assistants	3	T	331	All items	All items less food and energy	Commodities less food and energy commodities	Education and communication commodities	Information technology commodities	Computers, peripherals, and smart home assistants	--	--	--	0.369	-5.6	-2.4	0.3	1.3	-0.019	3.1
5	227	SEEE02	Computer software and accessories	 *  *  *  *  * Computer software and accessories	3	T	332	All items	All items less food and energy	Commodities less food and energy commodities	Education and communication commodities	Information technology commodities	Computer software and accessories	--	--	--	0.023	-1.5	-0.9	0.5	0.9	0	3.17
5	228	SEEE04	Telephone hardware, calculators, and other consumer information items	 *  *  *  *  * Telephone hardware, calculators, and other consumer information items	3	T	334	All items	All items less food and energy	Commodities less food and energy commodities	Education and communication commodities	Information technology commodities	Telephone hardware, calculators, and other consumer information items	--	--	--	0.434	-18.3	0.4	-0.3	-2.8	-0.072	2.23
6	229	SSEE041	Smartphones	 *  *  *  *  *  * Smartphones	4	T	335	All items	All items less food and energy	Commodities less food and energy commodities	Education and communication commodities	Information technology commodities	Telephone hardware, calculators, and other consumer information items	Smartphones	--	--		-25.1	0.7	-1.1	-3.2		3.27
3	230	SAF116	Alcoholic beverages	 *  *  * Alcoholic beverages	2	T	125	All items	All items less food and energy	Commodities less food and energy commodities	Alcoholic beverages	--	--	--	--	--	0.843	4.9	0.4	0.5	0	0.043	0.56
4	231	SEFW	Alcoholic beverages at home	 *  *  *  * Alcoholic beverages at home	3	T	126	All items	All items less food and energy	Commodities less food and energy commodities	Alcoholic beverages	Alcoholic beverages at home	--	--	--	--	0.511	4.3	0.2	0.5	0.2	0.025	0.65
5	232	SEFW01	Beer, ale, and other malt beverages at home	 *  *  *  *  * Beer, ale, and other malt beverages at home	4	T	127	All items	All items less food and energy	Commodities less food and energy commodities	Alcoholic beverages	Alcoholic beverages at home	Beer, ale, and other malt beverages at home	--	--	--	0.196	7	0.9	0.3	0.2	0.015	0.85
5	233	SEFW02	Distilled spirits at home	 *  *  *  *  * Distilled spirits at home	4	T	128	All items	All items less food and energy	Commodities less food and energy commodities	Alcoholic beverages	Alcoholic beverages at home	Distilled spirits at home	--	--	--	0.087	2.4	-0.1	0.9	0.2	0.002	0.64
6	234	SS20021	Whiskey at home	 *  *  *  *  *  * Whiskey at home	5	T	129	All items	All items less food and energy	Commodities less food and energy commodities	Alcoholic beverages	Alcoholic beverages at home	Distilled spirits at home	Whiskey at home	--	--		0.2	0.1	0.2	-0.3		1.47
6	235	SS20022	Distilled spirits, excluding whiskey, at home	 *  *  *  *  *  * Distilled spirits, excluding whiskey, at home	5	T	130	All items	All items less food and energy	Commodities less food and energy commodities	Alcoholic beverages	Alcoholic beverages at home	Distilled spirits at home	Distilled spirits, excluding whiskey, at home	--	--		3	-0.3	0.8	0.5		1.03
5	236	SEFW03	Wine at home	 *  *  *  *  * Wine at home	4	T	131	All items	All items less food and energy	Commodities less food and energy commodities	Alcoholic beverages	Alcoholic beverages at home	Wine at home	--	--	--	0.228	2.8	-0.2	0.5	0.3	0.007	1.04
4	237	SEFX	Alcoholic beverages away from home	 *  *  *  * Alcoholic beverages away from home	3	T	132	All items	All items less food and energy	Commodities less food and energy commodities	Alcoholic beverages	Alcoholic beverages away from home	--	--	--	--	0.332	6.2	0.8	0.6	-0.3	0.018	1.01
5	238	SS20051	Beer, ale, and other malt beverages away from home	 *  *  *  *  * Beer, ale, and other malt beverages away from home	4	T	133	All items	All items less food and energy	Commodities less food and energy commodities	Alcoholic beverages	Alcoholic beverages away from home	Beer, ale, and other malt beverages away from home	--	--	--		5.3	0.4	0.6	0.1		1.15
5	239	SS20052	Wine away from home	 *  *  *  *  * Wine away from home	4	T	134	All items	All items less food and energy	Commodities less food and energy commodities	Alcoholic beverages	Alcoholic beverages away from home	Wine away from home	--	--	--		8	1	0.4	0.5		1.11
5	240	SS20053	Distilled spirits away from home	 *  *  *  *  * Distilled spirits away from home	4	T	135	All items	All items less food and energy	Commodities less food and energy commodities	Alcoholic beverages	Alcoholic beverages away from home	Distilled spirits away from home	--	--	--		5.7	1.4	0.3	-0.8		1.24
3	241	SAGC	Other goods	 *  *  * Other goods	1	T	384	All items	All items less food and energy	Commodities less food and energy commodities	Other goods	--	--	--	--	--	1.242	7	-0.1	0.8	0.7	0.092	0.49
4	242	SEGA	Tobacco and smoking products	 *  *  *  * Tobacco and smoking products	1	T	337	All items	All items less food and energy	Commodities less food and energy commodities	Other goods	Tobacco and smoking products	--	--	--	--	0.493	6.7	-0.1	0.7	1	0.034	0.73
5	243	SEGA01	Cigarettes	 *  *  *  *  * Cigarettes	2	T	338	All items	All items less food and energy	Commodities less food and energy commodities	Other goods	Tobacco and smoking products	Cigarettes	--	--	--	0.41	6.8	-0.1	0.8	0.8	0.03	0.72
5	244	SEGA02	Tobacco products other than cigarettes	 *  *  *  *  * Tobacco products other than cigarettes	2	T	339	All items	All items less food and energy	Commodities less food and energy commodities	Other goods	Tobacco and smoking products	Tobacco products other than cigarettes	--	--	--	0.077	6.1	-0.2	0.2	2.1	0.004	1.5
4	245	SEGB	Personal care products	 *  *  *  * Personal care products	2	T	341	All items	All items less food and energy	Commodities less food and energy commodities	Other goods	Personal care products	--	--	--	--	0.596	6.7	-0.1	0.3	0.5	0.043	0.66
5	246	SEGB01	Hair, dental, shaving, and miscellaneous personal care products	 *  *  *  *  * Hair, dental, shaving, and miscellaneous personal care products	3	T	342	All items	All items less food and energy	Commodities less food and energy commodities	Other goods	Personal care products	Hair, dental, shaving, and miscellaneous personal care products	--	--	--	0.311	8.6	0.5	-0.3	0.7	0.028	0.81
5	247	SEGB02	Cosmetics, perfume, bath, nail preparations and implements	 *  *  *  *  * Cosmetics, perfume, bath, nail preparations and implements	3	T	343	All items	All items less food and energy	Commodities less food and energy commodities	Other goods	Personal care products	Cosmetics, perfume, bath, nail preparations and implements	--	--	--	0.274	4.8	-0.8	1	0.3	0.014	0.99
4	248	SEGE	Miscellaneous personal goods	 *  *  *  * Miscellaneous personal goods	2	T	354	All items	All items less food and energy	Commodities less food and energy commodities	Other goods	Miscellaneous personal goods	--	--	--	--	0.152	8.7	0.1	3.1	0.8	0.015	2.04
5	249	SS33032	Stationery, stationery supplies, gift wrap	 *  *  *  *  * Stationery, stationery supplies, gift wrap	3	T	355	All items	All items less food and energy	Commodities less food and energy commodities	Other goods	Miscellaneous personal goods	Stationery, stationery supplies, gift wrap	--	--	--		13.1	2.7	0.1	0.1		3.36
2	250	SASLE	Services less energy services	 *  * Services less energy services	1	T	391	All items	All items less food and energy	Services less energy services	--	--	--	--	--	--	58.078	7.3	0.5	0.6	0.7	4.158	0.16
3	251	SAH1	Shelter	 *  *  * Shelter	1	T	137	All items	All items less food and energy	Services less energy services	Shelter	--	--	--	--	--	34.393	8.1	0.7	0.7	0.8	2.666	0.23
4	252	SAS2RS	Rent of shelter	 *  *  *  * Rent of shelter	1	T	389	All items	All items less food and energy	Services less energy services	Shelter	Rent of shelter	--	--	--	--	34.019	8.2	0.7	0.7	0.8	2.663	0.24
5	253	SEHA	Rent of primary residence	 *  *  *  *  * Rent of primary residence	2	T	138	All items	All items less food and energy	Services less energy services	Shelter	Rent of shelter	Rent of primary residence	--	--	--	7.521	8.8	0.8	0.7	0.7	0.644	0.21
5	254	SEHB	Lodging away from home	 *  *  *  *  * Lodging away from home	2	T	139	All items	All items less food and energy	Services less energy services	Shelter	Rent of shelter	Lodging away from home	--	--	--	1.114	6.7	-0.4	3.4	4.5	0.08	2.31
6	255	SEHB01	Housing at school, excluding board	 *  *  *  *  *  * Housing at school, excluding board	3	T	140	All items	All items less food and energy	Services less energy services	Shelter	Rent of shelter	Lodging away from home	Housing at school, excluding board	--	--	0.161	3	0.1	0	0	0.004	0.31
6	256	SEHB02	Other lodging away from home including hotels and motels	 *  *  *  *  *  * Other lodging away from home including hotels and motels	3	T	141	All items	All items less food and energy	Services less energy services	Shelter	Rent of shelter	Lodging away from home	Other lodging away from home including hotels and motels	--	--	0.952	7.4	-0.5	4	5.3	0.076	2.63
5	257	SEHC	Owners' equivalent rent of residences	 *  *  *  *  * Owners' equivalent rent of residences	2	T	142	All items	All items less food and energy	Services less energy services	Shelter	Rent of shelter	Owners' equivalent rent of residences	--	--	--	25.385	8	0.8	0.6	0.7	1.939	0.24
6	258	SEHC01	Owners' equivalent rent of primary residence	 *  *  *  *  *  * Owners' equivalent rent of primary residence	3	T	143	All items	All items less food and energy	Services less energy services	Shelter	Rent of shelter	Owners' equivalent rent of residences	Owners' equivalent rent of primary residence	--	--	24.001	8	0.8	0.6	0.7	1.841	0.24
4	259	SEHD	Tenants' and household insurance	 *  *  *  * Tenants' and household insurance	2	T	144	All items	All items less food and energy	Services less energy services	Shelter	Tenants' and household insurance	--	--	--	--	0.373	0.8	0.1	0.1	-0.1	0.003	0.68
3	260	SEHG	Water and sewer and trash collection services	 *  *  * Water and sewer and trash collection services	2	T	153	All items	All items less food and energy	Services less energy services	Water and sewer and trash collection services	--	--	--	--	--	1.059	5.2	0.2	1.1	0.8	0.057	0.37
4	261	SEHG01	Water and sewerage maintenance	 *  *  *  * Water and sewerage maintenance	3	T	154	All items	All items less food and energy	Services less energy services	Water and sewer and trash collection services	Water and sewerage maintenance	--	--	--	--	0.759	4.6	0.2	1.1	0.7	0.036	0.44
4	262	SEHG02	Garbage and trash collection	 *  *  *  * Garbage and trash collection	3	T	155	All items	All items less food and energy	Services less energy services	Water and sewer and trash collection services	Garbage and trash collection	--	--	--	--	0.3	6.9	0.2	0.9	0.9	0.021	0.8
3	263	SEHP	Household operations	 *  *  * Household operations	2	T	182	All items	All items less food and energy	Services less energy services	Household operations	--	--	--	--	--							
4	264	SEHP01	Domestic services	 *  *  *  * Domestic services	3	T	183	All items	All items less food and energy	Services less energy services	Household operations	Domestic services	--	--	--	--	0.262	1.3	1.7	0.5	-1.3	0.003	1.5
4	265	SEHP02	Gardening and lawncare services	 *  *  *  * Gardening and lawncare services	3	T	184	All items	All items less food and energy	Services less energy services	Household operations	Gardening and lawncare services	--	--	--	--							
4	266	SEHP03	Moving, storage, freight expense	 *  *  *  * Moving, storage, freight expense	3	T	185	All items	All items less food and energy	Services less energy services	Household operations	Moving, storage, freight expense	--	--	--	--	0.105	-1	-1.3	0.5	-3.2	-0.001	3.46
4	267	SEHP04	Repair of household items	 *  *  *  * Repair of household items	3	T	186	All items	All items less food and energy	Services less energy services	Household operations	Repair of household items	--	--	--	--							
3	268	SAM2	Medical care services	 *  *  * Medical care services	1	T	256	All items	All items less food and energy	Services less energy services	Medical care services	--	--	--	--	--	6.591	2.1	0	-0.1	-0.5	0.15	0.39
4	269	SEMC	Professional services	 *  *  *  * Professional services	2	T	257	All items	All items less food and energy	Services less energy services	Medical care services	Professional services	--	--	--	--	3.585	2.4	0	0.1	-0.1	0.085	0.52
5	270	SEMC01	Physicians' services	 *  *  *  *  * Physicians' services	3	T	258	All items	All items less food and energy	Services less energy services	Medical care services	Professional services	Physicians' services	--	--	--	1.838	1.2	0.1	-0.1	-0.5	0.023	0.85
5	271	SEMC02	Dental services	 *  *  *  *  * Dental services	3	T	259	All items	All items less food and energy	Services less energy services	Medical care services	Professional services	Dental services	--	--	--	0.915	6.6	0.1	0.6	0.4	0.061	1.14
5	272	SEMC03	Eyeglasses and eye care	 *  *  *  *  * Eyeglasses and eye care	3	T	260	All items	All items less food and energy	Services less energy services	Medical care services	Professional services	Eyeglasses and eye care	--	--	--	0.311	1.3	0.4	-0.3	0.3	0.005	0.94
5	273	SEMC04	Services by other medical professionals	 *  *  *  *  * Services by other medical professionals	3	T	261	All items	All items less food and energy	Services less energy services	Medical care services	Professional services	Services by other medical professionals	--	--	--	0.52	-0.9	-0.9	0	0.3	-0.003	2.53
4	274	SEMD	Hospital and related services	 *  *  *  * Hospital and related services	2	T	262	All items	All items less food and energy	Services less energy services	Medical care services	Hospital and related services	--	--	--	--	2.27	4	1.1	0.7	0.1	0.1	0.49
5	275	SEMD01	Hospital services	 *  *  *  *  * Hospital services	3	T	263	All items	All items less food and energy	Services less energy services	Medical care services	Hospital and related services	Hospital services	--	--	--	1.934	3.6	1.3	0.5	0	0.077	0.52
6	276	SS5702	Inpatient hospital services	 *  *  *  *  *  * Inpatient hospital services	4	T	264	All items	All items less food and energy	Services less energy services	Medical care services	Hospital and related services	Hospital services	Inpatient hospital services	--	--		3.4	1.2	0.5	0		1.01
6	277	SS5703	Outpatient hospital services	 *  *  *  *  *  * Outpatient hospital services	4	T	265	All items	All items less food and energy	Services less energy services	Medical care services	Hospital and related services	Hospital services	Outpatient hospital services	--	--		3.6	1.4	0.5	-0.1		0.87
5	278	SEMD02	Nursing homes and adult day services	 *  *  *  *  * Nursing homes and adult day services	3	T	266	All items	All items less food and energy	Services less energy services	Medical care services	Hospital and related services	Nursing homes and adult day services	--	--	--	0.188	6.2	0.3	1.9	1.1	0.012	0.63
5	279	SEMD03	Care of invalids and elderly at home	 *  *  *  *  * Care of invalids and elderly at home	3	T	267	All items	All items less food and energy	Services less energy services	Medical care services	Hospital and related services	Care of invalids and elderly at home	--	--	--	0.148	7.1	0.2	1.6	0.5	0.011	1.24
4	280	SEME	Health insurance	 *  *  *  * Health insurance	2	T	268	All items	All items less food and energy	Services less energy services	Medical care services	Health insurance	--	--	--	--	0.737	-4.7	-3.4	-3.6	-4.1	-0.036	0.4
3	281	SAS4	Transportation services	 *  *  * Transportation services	1	T	395	All items	All items less food and energy	Services less energy services	Transportation services	--	--	--	--	--	5.752	14.6	-0.2	0.8	1.6	0.818	0.68
4	282	SETA03	Leased cars and trucks	 *  *  *  * Leased cars and trucks	3	T	219	All items	All items less food and energy	Services less energy services	Transportation services	Leased cars and trucks	--	--	--	--			1.5	1			
4	283	SETA04	Car and truck rental	 *  *  *  * Car and truck rental	3	T	220	All items	All items less food and energy	Services less energy services	Transportation services	Car and truck rental	--	--	--	--	0.12	-0.8	-3.3	-4.6	-1.2	-0.001	2.36
4	284	SETD	Motor vehicle maintenance and repair	 *  *  *  * Motor vehicle maintenance and repair	2	T	232	All items	All items less food and energy	Services less energy services	Transportation services	Motor vehicle maintenance and repair	--	--	--	--	1.11	12.5	1	1.3	0.2	0.13	0.9
5	285	SETD01	Motor vehicle body work	 *  *  *  *  * Motor vehicle body work	3	T	233	All items	All items less food and energy	Services less energy services	Transportation services	Motor vehicle maintenance and repair	Motor vehicle body work	--	--	--	0.057	9.2	0.2	0.4	0.9	0.005	1.25
5	286	SETD02	Motor vehicle maintenance and servicing	 *  *  *  *  * Motor vehicle maintenance and servicing	3	T	234	All items	All items less food and energy	Services less energy services	Transportation services	Motor vehicle maintenance and repair	Motor vehicle maintenance and servicing	--	--	--	0.573	9.4	0.4	0.4	0.5	0.054	1.22
5	287	SETD03	Motor vehicle repair	 *  *  *  *  * Motor vehicle repair	3	T	235	All items	All items less food and energy	Services less energy services	Transportation services	Motor vehicle maintenance and repair	Motor vehicle repair	--	--	--	0.422	17.7	2.1	2.7	-0.3	0.066	1.7
4	288	SETE	Motor vehicle insurance	 *  *  *  * Motor vehicle insurance	2	T	236	All items	All items less food and energy	Services less energy services	Transportation services	Motor vehicle insurance	--	--	--	--	2.528	14.5	0.7	1.5	1.6	0.347	1.06
4	289	SETF	Motor vehicle fees	 *  *  *  * Motor vehicle fees	2	T	237	All items	All items less food and energy	Services less energy services	Transportation services	Motor vehicle fees	--	--	--	--	0.497	3	0.1	1.2	0.4	0.015	0.71
5	290	SETF01	State motor vehicle registration and license fees	 *  *  *  *  * State motor vehicle registration and license fees	3	T	238	All items	All items less food and energy	Services less energy services	Transportation services	Motor vehicle fees	State motor vehicle registration and license fees	--	--	--	0.279	3.5	0.2	1	0.4	0.01	0.62
5	291	SETF03	Parking and other fees	 *  *  *  *  * Parking and other fees	3	T	239	All items	All items less food and energy	Services less energy services	Transportation services	Motor vehicle fees	Parking and other fees	--	--	--	0.197	2.2	0.1	1.5	0.5	0.004	1.03
6	292	SS52051	Parking fees and tolls	 *  *  *  *  *  * Parking fees and tolls	4	T	240	All items	All items less food and energy	Services less energy services	Transportation services	Motor vehicle fees	Parking and other fees	Parking fees and tolls	--	--		2	0.8	0.9	0.4		1.37
4	293	SETG	Public transportation	 *  *  *  * Public transportation	1	T	242	All items	All items less food and energy	Services less energy services	Transportation services	Public transportation	--	--	--	--	0.768	18	-5.3	-1.4	4.5	0.14	1.43
5	294	SETG01	Airline fares	 *  *  *  *  * Airline fares	2	T	243	All items	All items less food and energy	Services less energy services	Transportation services	Public transportation	Airline fares	--	--	--	0.574	26.5	-8.2	-1.4	6.3	0.134	2.2
5	295	SETG02	Other intercity transportation	 *  *  *  *  * Other intercity transportation	2	T	244	All items	All items less food and energy	Services less energy services	Transportation services	Public transportation	Other intercity transportation	--	--	--	0.049	2.5	0.6	-1.1	0.1	0.003	1.61
6	296	SS53023	Ship fare	 *  *  *  *  *  * Ship fare	3	T	247	All items	All items less food and energy	Services less energy services	Transportation services	Public transportation	Other intercity transportation	Ship fare	--	--		-3.2	1.4	-0.6	0.7		2.38
5	297	SETG03	Intracity transportation	 *  *  *  *  * Intracity transportation	2	T	248	All items	All items less food and energy	Services less energy services	Transportation services	Public transportation	Intracity transportation	--	--	--	0.142	1.1	1.8	-1.1	-0.9	0.003	1.93
6	298	SS53031	Intracity mass transit	 *  *  *  *  *  * Intracity mass transit	3	T	249	All items	All items less food and energy	Services less energy services	Transportation services	Public transportation	Intracity transportation	Intracity mass transit	--	--		0.2	-0.1	0	0		0.54
3	299	SARS	Recreation services	 *  *  * Recreation services	1	T	388	All items	All items less food and energy	Services less energy services	Recreation services	--	--	--	--	--	3.094	6.3	0.3	0.8	1.4	0.2	0.48
4	300	SERAS	Video and audio services	 *  *  *  * Video and audio services	1	T	398	All items	All items less food and energy	Services less energy services	Recreation services	Video and audio services	--	--	--	--	0.98	5.1	-0.5	0.6	2.2	0.054	0.65
5	301	SERA02	Cable, satellite, and live streaming television service	 *  *  *  *  * Cable, satellite, and live streaming television service	2	T	272	All items	All items less food and energy	Services less energy services	Recreation services	Video and audio services	Cable, satellite, and live streaming television service	--	--	--	0.863	4.8	-0.6	0.5	2.5	0.046	0.6
5	302	SERA04	Purchase, subscription, and rental of video	 *  *  *  *  * Purchase, subscription, and rental of video	2	T	274	All items	All items less food and energy	Services less energy services	Recreation services	Video and audio services	Purchase, subscription, and rental of video	--	--	--	0.117	8.5	0.3	1	0	0.008	4.14
6	303	SS31022	Video discs and other media	 *  *  *  *  *  * Video discs and other media	3	T	275	All items	All items less food and energy	Services less energy services	Recreation services	Video and audio services	Purchase, subscription, and rental of video	Video discs and other media	--	--		11.2	-0.9	-0.2	1.4		5.83
6	304	SS62055	Subscription and rental of video and video games	 *  *  *  *  *  * Subscription and rental of video and video games	3	T	276	All items	All items less food and energy	Services less energy services	Recreation services	Video and audio services	Purchase, subscription, and rental of video	Subscription and rental of video and video games	--	--		7.5	2.2	0.8	-0.3		1.58
4	305	SERB02	Pet services including veterinary	 *  *  *  * Pet services including veterinary	2	T	283	All items	All items less food and energy	Services less energy services	Recreation services	Pet services including veterinary	--	--	--	--	0.54	10.5	-0.2	1.4	2.1	0.055	0.97
5	306	SS62053	Pet services	 *  *  *  *  * Pet services	3	T	284	All items	All items less food and energy	Services less energy services	Recreation services	Pet services including veterinary	Pet services	--	--	--		7.5	0.6	1.5	0.5		1.28
5	307	SS62054	Veterinarian services	 *  *  *  *  * Veterinarian services	3	T	285	All items	All items less food and energy	Services less energy services	Recreation services	Pet services including veterinary	Veterinarian services	--	--	--		10.3	-0.4	1	2.5		1.62
4	308	SERD02	Photographers and photo processing	 *  *  *  * Photographers and photo processing	2	T	293	All items	All items less food and energy	Services less energy services	Recreation services	Photographers and photo processing	--	--	--	--	0.039	8.6	-0.2	2.7	1.2	0.003	2.07
4	309	SERF	Other recreation services	 *  *  *  * Other recreation services	1	T	302	All items	All items less food and energy	Services less energy services	Recreation services	Other recreation services	--	--	--	--	1.534	5.9	1.1	0.7	0.7	0.088	0.79
5	310	SERF01	Club membership for shopping clubs, fraternal, or other organizations, or participant sports fees	 *  *  *  *  * Club membership for shopping clubs, fraternal, or other organizations, or participant sports fees	2	T	303	All items	All items less food and energy	Services less energy services	Recreation services	Other recreation services	Club membership for shopping clubs, fraternal, or other organizations, or participant sports fees	--	--	--	0.675	5.6	0.7	0.5	0.8	0.037	0.64
5	311	SERF02	Admissions	 *  *  *  *  * Admissions	2	T	304	All items	All items less food and energy	Services less energy services	Recreation services	Other recreation services	Admissions	--	--	--	0.439	5.9	1.1	1	1.1	0.027	1.82
6	312	SS62031	Admission to movies, theaters, and concerts	 *  *  *  *  *  * Admission to movies, theaters, and concerts	3	T	305	All items	All items less food and energy	Services less energy services	Recreation services	Other recreation services	Admissions	Admission to movies, theaters, and concerts	--	--		6.5	-0.3	0.9	-0.2		1.37
6	313	SS62032	Admission to sporting events	 *  *  *  *  *  * Admission to sporting events	3	T	306	All items	All items less food and energy	Services less energy services	Recreation services	Other recreation services	Admissions	Admission to sporting events	--	--		1.8	4.5	0.4	4.2		7.63
5	314	SERF03	Fees for lessons or instructions	 *  *  *  *  * Fees for lessons or instructions	2	T	307	All items	All items less food and energy	Services less energy services	Recreation services	Other recreation services	Fees for lessons or instructions	--	--	--	0.185	7.3	2.6	1.1	-0.4	0.013	1.1
3	315	SAES	Education and communication services	 *  *  * Education and communication services	1	T	374	All items	All items less food and energy	Services less energy services	Education and communication services	--	--	--	--	--	4.891	2.9	0.2	0.4	0.2	0.154	0.18
4	316	SEEB	Tuition, other school fees, and childcare	 *  *  *  * Tuition, other school fees, and childcare	2	T	315	All items	All items less food and energy	Services less energy services	Education and communication services	Tuition, other school fees, and childcare	--	--	--	--	2.161	3.4	0.1	0.1	0.1	0.085	0.28
5	317	SEEB01	College tuition and fees	 *  *  *  *  * College tuition and fees	3	T	316	All items	All items less food and energy	Services less energy services	Education and communication services	Tuition, other school fees, and childcare	College tuition and fees	--	--	--	1.186	2.3	0.1	-0.1	0	0.034	0.41
5	318	SEEB02	Elementary and high school tuition and fees	 *  *  *  *  * Elementary and high school tuition and fees	3	T	317	All items	All items less food and energy	Services less energy services	Education and communication services	Tuition, other school fees, and childcare	Elementary and high school tuition and fees	--	--	--	0.305	3.7	0	0	0	0.012	0.34
5	319	SEEB03	Day care and preschool	 *  *  *  *  * Day care and preschool	3	T	318	All items	All items less food and energy	Services less energy services	Education and communication services	Tuition, other school fees, and childcare	Day care and preschool	--	--	--	0.568	5.7	0.2	0.6	0.2	0.035	0.54
5	320	SEEB04	Technical and business school tuition and fees	 *  *  *  *  * Technical and business school tuition and fees	3	T	319	All items	All items less food and energy	Services less energy services	Education and communication services	Tuition, other school fees, and childcare	Technical and business school tuition and fees	--	--	--	0.026	2.1	0.3	0.3	0	0.001	1.19
4	321	SEEC	Postage and delivery services	 *  *  *  * Postage and delivery services	2	T	321	All items	All items less food and energy	Services less energy services	Education and communication services	Postage and delivery services	--	--	--	--	0.074	7.7	0	1.5	1.3	0.006	0.66
5	322	SEEC01	Postage	 *  *  *  *  * Postage	3	T	322	All items	All items less food and energy	Services less energy services	Education and communication services	Postage and delivery services	Postage	--	--	--	0.063	6.7	0	0.7	1.4	0.005	0.7
5	323	SEEC02	Delivery services	 *  *  *  *  * Delivery services	3	T	323	All items	All items less food and energy	Services less energy services	Education and communication services	Postage and delivery services	Delivery services	--	--	--	0.011	14.4	0.2	6.2	0.9	0.001	1.53
4	324	SEED	Telephone services	 *  *  *  * Telephone services	3	T	325	All items	All items less food and energy	Services less energy services	Education and communication services	Telephone services	--	--	--	--	1.677	1.8	0.3	0.2	0	0.034	0.17
5	325	SEED03	Wireless telephone services	 *  *  *  *  * Wireless telephone services	4	T	326	All items	All items less food and energy	Services less energy services	Education and communication services	Telephone services	Wireless telephone services	--	--	--	1.433	0.9	0.2	0	-0.3	0.015	0.17
5	326	SEED04	Residential telephone services	 *  *  *  *  * Residential telephone services	4	T	327	All items	All items less food and energy	Services less energy services	Education and communication services	Telephone services	Residential telephone services	--	--	--	0.244	6.9	0.7	1.7	1.7	0.019	0.91
4	327	SEEE03	Internet services and electronic information providers	 *  *  *  * Internet services and electronic information providers	3	T	333	All items	All items less food and energy	Services less energy services	Education and communication services	Internet services and electronic information providers	--	--	--	--	0.972	2.9	0.1	1	0.9	0.029	0.58
3	328	SAGS	Other personal services	 *  *  * Other personal services	1	T	385	All items	All items less food and energy	Services less energy services	Other personal services	--	--	--	--	--	1.432	5.2	-0.2	0.5	1.1	0.073	0.51
4	329	SEGC	Personal care services	 *  *  *  * Personal care services	2	T	344	All items	All items less food and energy	Services less energy services	Other personal services	Personal care services	--	--	--	--	0.603	4.8	0.3	0.2	0.6	0.027	0.87
5	330	SEGC01	Haircuts and other personal care services	 *  *  *  *  * Haircuts and other personal care services	3	T	345	All items	All items less food and energy	Services less energy services	Other personal services	Personal care services	Haircuts and other personal care services	--	--	--	0.603	4.8	0.3	0.2	0.6	0.027	0.87
4	331	SEGD	Miscellaneous personal services	 *  *  *  * Miscellaneous personal services	2	T	346	All items	All items less food and energy	Services less energy services	Other personal services	Miscellaneous personal services	--	--	--	--	0.828	5.6	-0.4	0.8	1.4	0.046	0.55
5	332	SEGD01	Legal services	 *  *  *  *  * Legal services	3	T	347	All items	All items less food and energy	Services less energy services	Other personal services	Miscellaneous personal services	Legal services	--	--	--	0.238	5.2	0.2	0	1	0.012	0.86
5	333	SEGD02	Funeral expenses	 *  *  *  *  * Funeral expenses	3	T	348	All items	All items less food and energy	Services less energy services	Other personal services	Miscellaneous personal services	Funeral expenses	--	--	--	0.169	5.1	0.7	0.5	0.2	0.008	0.46
5	334	SEGD03	Laundry and dry cleaning services	 *  *  *  *  * Laundry and dry cleaning services	3	T	349	All items	All items less food and energy	Services less energy services	Other personal services	Miscellaneous personal services	Laundry and dry cleaning services	--	--	--	0.141	6.8	0.4	0.5	0.9	0.01	1.28
5	335	SEGD04	Apparel services other than laundry and dry cleaning	 *  *  *  *  * Apparel services other than laundry and dry cleaning	3	T	350	All items	All items less food and energy	Services less energy services	Other personal services	Miscellaneous personal services	Apparel services other than laundry and dry cleaning	--	--	--	0.027	13.3	1.6	0.7	0.9	0.002	1.84
5	336	SEGD05	Financial services	 *  *  *  *  * Financial services	3	T	351	All items	All items less food and energy	Services less energy services	Other personal services	Miscellaneous personal services	Financial services	--	--	--	0.177	4.8	-2.9	2.5	2.8	0.009	1.18
6	337	SS68021	Checking account and other bank services	 *  *  *  *  *  * Checking account and other bank services	4	T	352	All items	All items less food and energy	Services less energy services	Other personal services	Miscellaneous personal services	Financial services	Checking account and other bank services	--	--		2.2	0.2	0.1	-0.3		1.96
6	338	SS68023	Tax return preparation and other accounting fees	 *  *  *  *  *  * Tax return preparation and other accounting fees	4	T	353	All items	All items less food and energy	Services less energy services	Other personal services	Miscellaneous personal services	Financial services	Tax return preparation and other accounting fees	--	--		7.1	-3.5	3.5	4		1.61